"word","phonetic","meaning","level","category","example","related_words","part_of_speech","root"
"vulnerability","/ˌvʌlnərəˈbɪləti/","漏洞；脆弱性","CET6","Cybersecurity","The vulnerability was exploited by attackers.","exploit, patch, risk, breach","noun","拉丁语 vulner- (伤口)"
"firewall","/ˈfaɪərwɔːl/","防火墙","CET4","Cybersecurity","A firewall protects the network from unauthorized access.","security, network, gateway, filter","noun","fire + wall"
"encryption","/ɪnˈkrɪpʃən/","加密","CET6","Cybersecurity","End-to-end encryption ensures data privacy.","decrypt, cipher, secure, cryptography","noun","希腊语 kryptos (隐藏)"
"malware","/ˈmælweər/","恶意软件","CET6","Cybersecurity","The malware infected thousands of computers.","virus, ransomware, spyware, trojan","noun","malicious + software"
"phishing","/ˈfɪʃɪŋ/","钓鱼攻击","CET6","Cybersecurity","Employees should recognize phishing emails.","spam, scam, social engineering, fraud","noun","password + fishing"
"ransomware","/ˈrænsəmweər/","勒索软件","TOEFL","Cybersecurity","Ransomware encrypts files and demands payment.","malware, cryptovirus, extortion, attack","noun","ransom + software"
"penetration","/ˌpenɪˈtreɪʃən/","渗透","CET6","Cybersecurity","Penetration testing reveals security weaknesses.","test, assessment, breach, intrusion","noun","拉丁语 penetrare (穿入)"
"compliance","/kəmˈplaɪəns/","合规；遵从","CET6","Cybersecurity","The company maintains GDPR compliance.","regulation, standard, audit, policy","noun","拉丁语 complere (完成)"
"authentication","/ɔːˌθentɪˈkeɪʃən/","认证；身份验证","CET6","Cybersecurity","Two-factor authentication adds security.","authorization, verification, identity, login","noun","希腊语 authentes (作者)"
"patch","/pætʃ/","补丁","CET4","Cybersecurity","The security patch fixes the vulnerability.","update, fix, upgrade, hotfix","noun/verb","古英语 pecc (片)"
"exploit","/ɪkˈsplɔɪt/","利用；漏洞利用","CET6","Cybersecurity","Attackers exploit weaknesses to gain access.","attack, vulnerability, hack, breach","verb/noun","拉丁语 explicitum (展开)"
"algorithm","/ˈælɡərɪðəm/","算法","CET4","Technology","Machine learning algorithms process data.","procedure, computation, logic, formula","noun","阿拉伯语 al-Khwarizmi"
"database","/ˈdeɪtəbeɪs/","数据库","CET4","Technology","The database stores user information.","storage, query, server, table","noun","data + base"
"protocol","/ˈproʊtəkɔːl/","协议","CET4","Technology","TCP/IP is a fundamental Internet protocol.","standard, procedure, rule, convention","noun","希腊语 protokollon (首卷)"
"bandwidth","/ˈbændwɪdθ/","带宽","CET6","Technology","High bandwidth enables fast data transfer.","speed, capacity, throughput, connection","noun","band + width"
"server","/ˈsɜːrvər/","服务器","CET4","Technology","The server hosts the website.","host, client, network, data center","noun","拉丁语 servire (服务)"
"cache","/kæʃ/","缓存","CET6","Technology","The browser cache speeds up loading.","buffer, storage, memory, temp","noun","法语 cacher (隐藏)"
"virtualization","/ˌvɜːrtʃuəlaɪˈzeɪʃən/","虚拟化","TOEFL","Technology","Virtualization enables multiple OS on one server.","container, hypervisor, cloud, emulation","noun","拉丁语 virtus (美德/效能)"
"API","/ˌeɪ piː ˈaɪ/","应用程序接口","CET6","Technology","The API allows third-party integrations.","interface, endpoint, integration, SDK","noun","Application Programming Interface"
"container","/kənˈteɪnər/","容器","CET6","Technology","Docker containers simplify deployment.","image, service, microservice, orchestration","noun","拉丁语 continere (容纳)"
"architecture","/ˈɑːrkɪtektʃər/","架构；体系结构","CET6","Technology","Microservices architecture improves scalability.","design, structure, framework, pattern","noun","希腊语 architekton (首席建造者)"
"strategy","/ˈstrætədʒi/","策略；战略","CET4","Business","The company developed a growth strategy.","plan, approach, tactic, method","noun","希腊语 strategia (将军术)"
"revenue","/ˈrevənuː/","收入；营收","CET6","Business","Annual revenue increased by 20%.","income, profit, earnings, turnover","noun","拉丁语 revenire (返回)"
"acquisition","/ˌækwɪˈzɪʃən/","收购；获得","CET6","Business","The acquisition expanded market share.","purchase, merger, takeover, gain","noun","拉丁语 acquirere (获取)"
"stakeholder","/ˈsteɪkˌhoʊldər/","利益相关者","CET6","Business","All stakeholders were informed of the decision.","investor, partner, participant, shareholder","noun","stake + holder"
"infrastructure","/ˈɪnfrəstrʌktʃər/","基础设施","CET6","Business","The city invested in transport infrastructure.","facility, system, foundation, framework","noun","拉丁语 infra (下面) + structura (结构)"
"entrepreneur","/ˌɑːntrəprəˈnɜːr/","企业家","CET6","Business","The entrepreneur launched a successful startup.","founder, innovator, businessperson, investor","noun","法语 entreprendre (从事)"
"budget","/ˈbʌdʒɪt/","预算","CET4","Business","The project was completed under budget.","funds, allowance, plan, estimate","noun","法语 bougette (小包)"
"negotiate","/nɪˈɡoʊʃieɪt/","谈判；协商","CET6","Business","They negotiated a favorable contract.","bargain, discuss, settle, mediate","verb","拉丁语 negotium (事务)"
"analysis","/əˈnæləsɪs/","分析","CET4","Science","Data analysis revealed key patterns.","examination, study, review, evaluation","noun","希腊语 analyein (解开)"
"hypothesis","/haɪˈpɑːθəsɪs/","假设；假说","CET6","Science","The hypothesis was tested through experiments.","theory, assumption, premise, conjecture","noun","希腊语 hypo (下面) + thesis (放置)"
"phenomenon","/fɪˈnɑːmɪnən/","现象","CET6","Science","The phenomenon attracted scientific attention.","occurrence, event, incident, fact","noun","希腊语 phainomenon (显现)"
"environment","/ɪnˈvaɪrənmənt/","环境","CET4","Science","We must protect the natural environment.","surroundings, habitat, ecosystem, setting","noun","古法语 environ (周围)"
"substance","/ˈsʌbstəns/","物质；实质","CET4","Science","The substance changed color when heated.","material, matter, element, compound","noun","拉丁语 substantia (本质)"
"evolution","/ˌevəˈluːʃən/","进化；演变","CET6","Science","Darwin's theory of evolution changed biology.","development, progress, growth, adaptation","noun","拉丁语 evolvere (展开)"
"laboratory","/ˈlæbrətɔːri/","实验室","CET4","Science","The laboratory conducted important research.","lab, workshop, facility, research center","noun","拉丁語 laborare (劳动)"
"genetic","/dʒəˈnetɪk/","基因的；遗传的","CET6","Science","Genetic engineering raises ethical questions.","hereditary, innate, biological, chromosomal","adj","希腊语 genesis (起源)"
"consequence","/ˈkɑːnsɪkwens/","结果；后果","CET4","IELTS","Every action has a consequence.","result, outcome, effect, aftermath","noun","拉丁语 consequi (跟随)"
"significant","/sɪɡˈnɪfɪkənt/","重要的；显著的","CET4","IELTS","There was a significant increase in sales.","important, notable, substantial, considerable","adj","拉丁语 significare (表示)"
"demonstrate","/ˈdemənstreɪt/","证明；演示","CET4","IELTS","The experiment demonstrates the principle.","show, prove, exhibit, illustrate","verb","拉丁语 demonstrare (指出)"
"implement","/ˈɪmplɪment/","实施；执行","CET6","IELTS","The company implemented new policies.","execute, apply, enforce, carry out","verb","拉丁语 implere (装满)"
"comprehensive","/ˌkɑːmprɪˈhensɪv/","全面的；综合的","CET6","IELTS","A comprehensive review was conducted.","complete, thorough, extensive, inclusive","adj","拉丁语 comprehendere (包含)"
"phenomenal","/fɪˈnɑːmɪnl/","杰出的；非凡的","TOEFL","IELTS","The growth was phenomenal.","remarkable, extraordinary, outstanding, incredible","adj","希腊语 phainomenon (显现)"
"inevitable","/ɪnˈevɪtəbl/","不可避免的","CET6","IELTS","Change is inevitable in any organization.","unavoidable, certain, destined, inescapable","adj","拉丁语 in- (不) + evitare (避免)"
"perspective","/pərˈspektɪv/","观点；视角","CET6","IELTS","From my perspective, this is a good solution.","viewpoint, outlook, angle, standpoint","noun","拉丁语 perspicere (看透)"
"substantial","/səbˈstænʃl/","大量的；实质的","CET6","IELTS","Substantial evidence supports the claim.","significant, considerable, ample, major","adj","拉丁语 substantia (本质)"
"innovative","/ˈɪnəveɪtɪv/","创新的","CET6","IELTS","The company is known for innovative products.","creative, original, pioneering, novel","adj","拉丁语 innovare (更新)"
"abandon","/əˈbændən/","放弃；抛弃","CET4","CET4","They had to abandon the project.","give up, desert, quit, forsake","verb","古法语 a bandon (交给)"
"absolute","/ˈæbsəluːt/","绝对的；完全的","CET4","CET4","There is no absolute certainty.","complete, total, utter, unconditional","adj","拉丁语 absolutus (完成)"
"achieve","/əˈtʃiːv/","实现；达到","CET4","CET4","She achieved her goals through hard work.","accomplish, attain, reach, fulfill","verb","古法语 achever (完成)"
"acquire","/əˈkwaɪər/","获得；学到","CET4","CET4","He acquired new skills through training.","obtain, gain, get, learn","verb","拉丁语 acquirere (获取)"
"approach","/əˈproʊtʃ/","接近；方法","CET4","CET4","We need a new approach to solve this.","method, way, technique, strategy","verb/noun","拉丁语 appropiare (靠近)"
"assume","/əˈsuːm/","假设；承担","CET4","CET4","I assume you have completed the report.","presume, suppose, take on, undertake","verb","拉丁语 assumere (接受)"
"available","/əˈveɪləbl/","可用的；有效的","CET4","CET4","The resource is available to everyone.","accessible, obtainable, ready, free","adj","拉丁语 valere (有价值)"
"benefit","/ˈbenɪfɪt/","好处；利益","CET4","CET4","Exercise has many health benefits.","advantage, gain, profit, asset","noun","拉丁语 bene (好) + facere (做)"
"challenge","/ˈtʃælɪndʒ/","挑战","CET4","CET4","Learning English is a rewarding challenge.","difficulty, test, dare, obstacle","noun","拉丁语 calumnia (诡计)"
"circumstance","/ˈsɜːrkəmstæns/","环境；情况","CET4","CET4","Under the circumstances, we must adapt.","condition, situation, context, factor","noun","拉丁语 circumstare (环绕)"
"ambiguous","/æmˈbɪɡjuəs/","模糊的；模棱两可的","CET6","CET6","The statement was deliberately ambiguous.","vague, unclear, uncertain, equivocal","adj","拉丁语 ambigere (争论)"
"consolidate","/kənˈsɑːlɪdeɪt/","巩固；合并","CET6","CET6","The company consolidated its operations.","strengthen, merge, combine, unify","verb","拉丁语 consolidare (使坚固)"
"deteriorate","/dɪˈtɪriəreɪt/","恶化；退化","CET6","CET6","The situation continued to deteriorate.","worsen, decline, decay, degrade","verb","拉丁语 deterior (更坏)"
"elaborate","/ɪˈlæbərət/","详尽阐述；精心制作","CET6","CET6","Could you elaborate on your proposal?","explain, detail, expand, refine","verb/adj","拉丁语 elaborare (认真做)"
"facilitate","/fəˈsɪlɪteɪt/","促进；使便利","CET6","CET6","The tool facilitates data analysis.","ease, assist, enable, expedite","verb","拉丁语 facilis (容易)"
"inevitable","/ɪnˈevɪtəbl/","不可避免的","CET6","CET6","Change is inevitable in life.","unavoidable, certain, destined, fated","adj","拉丁语 in- (不) + evitare (避免)"
"legitimate","/lɪˈdʒɪtɪmət/","合法的；正当的","CET6","CET6","They had a legitimate complaint.","lawful, valid, legal, authorized","adj","拉丁语 legitimus (合法的)"
"manipulate","/məˈnɪpjuleɪt/","操纵；操作","CET6","CET6","He manipulated the data to support his claim.","control, exploit, influence, handle","verb","拉丁语 manipulus (一把)"
"phenomenon","/fɪˈnɑːmɪnən/","现象","CET6","CET6","The phenomenon attracted global attention.","occurrence, event, incident, event","noun","希腊语 phainomenon"
"undermine","/ˌʌndərˈmaɪn/","削弱；破坏","CET6","CET6","The scandal undermined public trust.","weaken, erode, damage, sabotage","verb","under + mine"
"ambiguous","/æmˈbɪɡjuəs/","模棱两可的","TOEFL","TOEFL","The results were ambiguous and inconclusive.","vague, unclear, uncertain, equivocal","adj","拉丁语 ambigere"
"empirical","/ɪmˈpɪrɪkl/","经验主义的","TOEFL","TOEFL","Empirical evidence supports the theory.","experiential, observed, practical, experimental","adj","希腊语 empeiria (经验)"
"paradigm","/ˈpærədaɪm/","范式；典范","TOEFL","TOEFL","The discovery created a new scientific paradigm.","model, pattern, example, framework","noun","希腊语 paradeigma (例子)"
"synthesis","/ˈsɪnθəsɪs/","综合；合成","TOEFL","TOEFL","The paper offers a synthesis of existing research.","combination, integration, fusion, blend","noun","希腊语 syn (一起) + thesis (放置)"
"heterogeneous","/ˌhetərəˈdʒiːniəs/","异质的；多样的","TOEFL","TOEFL","The population is culturally heterogeneous.","diverse, varied, mixed, assorted","adj","希腊语 heteros (不同) + genos (种类)"
"homogeneous","/ˌhoʊməˈdʒiːniəs/","同质的；均匀的","TOEFL","TOEFL","The sample was relatively homogeneous.","uniform, consistent, similar, identical","adj","希腊语 homos (相同) + genos (种类)"
"juxtapose","/ˈdʒʌkstəpoʊz/","并列；并置","TOEFL","TOEFL","The artist juxtaposed light and shadow.","compare, contrast, position, align","verb","拉丁语 juxta (旁边) + ponere (放置)"
"anomaly","/əˈnɑːməli/","异常；反常","TOEFL","TOEFL","The anomaly was detected by the monitoring system.","irregularity, deviation, oddity, exception","noun","希腊语 anomalos (不平坦)"
"corroborate","/kəˈrɑːbəreɪt/","证实；支持","TOEFL","TOEFL","The evidence corroborates his testimony.","confirm, verify, substantiate, validate","verb","拉丁语 corroborare (加强)"
"eloquent","/ˈeləkwənt/","雄辩的；有口才的","TOEFL","TOEFL","She delivered an eloquent speech.","articulate, fluent, expressive, persuasive","adj","拉丁语 eloqui (说出)"
"convenient","/kənˈviːniənt/","方便的","CET4","General","Online shopping is very convenient.","handy, accessible, suitable, practical","adj","拉丁语 convenire (集合)"
"opportunity","/ˌɑːpərˈtuːnəti/","机会","CET4","General","This is a great learning opportunity.","chance, possibility, occasion, opening","noun","拉丁语 opportunus (便利)"
"responsible","/rɪˈspɑːnsəbl/","负责的","CET4","General","She is responsible for the project.","accountable, answerable, liable, in charge","adj","拉丁语 respondere (回答)"
"experience","/ɪkˈspɪriəns/","经验；经历","CET4","General","I gained valuable experience from this job.","practice, exposure, knowledge, background","noun","拉丁语 experientia (尝试)"
"community","/kəˈmjuːnəti/","社区；团体","CET4","General","The community supports local businesses.","society, group, population, public","noun","拉丁语 communis (共同)"
"recommend","/ˌrekəˈmend/","推荐","CET4","General","I highly recommend this book.","suggest, advise, endorse, advocate","verb","拉丁语 re- (又) + commendare (委托)"
"schedule","/ˈskedʒuːl/","日程；时间表","CET4","General","The schedule has been updated.","timetable, plan, program, agenda","noun","拉丁语 schedula (小纸)"
"necessary","/ˈnesəseri/","必要的","CET4","General","It is necessary to complete the training.","required, essential, vital, mandatory","adj","拉丁语 necessarius (不可避免)"
"participation","/pɑːrˌtɪsɪˈpeɪʃən/","参与","CET4","General","Active participation is encouraged.","involvement, engagement, contribution, attendance","noun","拉丁语 participare (分享)"
"resource","/ˈriːsɔːrs/","资源","CET4","General","Time is our most valuable resource.","asset, supply, material, reserve","noun","拉丁语 resurgere (重新出现)"
"debug","/diːˈbʌɡ/","调试","CET4","Technology","Developers debug code to fix errors.","test, fix, examine, troubleshoot","verb","de- + bug"
"network","/ˈnetwɜːrk/","网络","CET4","Technology","The network connects all devices.","system, web, grid, connection","noun","net + work"
"cloud","/klaʊd/","云；云计算","CET4","Technology","Data is stored on the cloud.","server, storage, platform, online","noun","古英语 clud (岩石)"
"automation","/ˌɔːtəˈmeɪʃən/","自动化","CET6","Technology","Automation improves production efficiency.","robotics, mechanization, AI, streamlining","noun","希腊语 automatos (自行)"
"cybersecurity","/ˌsaɪbərsɪˈkjʊrəti/","网络安全","CET6","Cybersecurity","Cybersecurity is essential for modern business.","security, protection, defense, infosec","noun","cyber + security"
"data","/ˈdeɪtə/","数据","CET4","Technology","The data was analyzed carefully.","information, facts, statistics, figures","noun","拉丁语 datum (给予)"
"digital","/ˈdɪdʒɪtl/","数字的","CET4","Technology","Digital transformation is changing industries.","electronic, online, virtual, computerized","adj","拉丁语 digitalis (手指)"
"efficient","/ɪˈfɪʃnt/","高效的","CET4","General","This method is more efficient than the old one.","effective, productive, streamlined, economical","adj","拉丁语 efficere (实现)"
"flexible","/ˈfleksəbl/","灵活的","CET4","General","We need a flexible approach to this problem.","adaptable, adjustable, versatile, pliable","adj","拉丁语 flectere (弯曲)"
"global","/ˈɡloʊbl/","全球的","CET4","General","Climate change is a global issue.","worldwide, international, universal, planetary","adj","拉丁语 globus (球)"
"impact","/ˈɪmpækt/","影响；冲击","CET4","General","The new policy will have a significant impact.","effect, influence, consequence, result","noun","拉丁语 impactus (撞击)"
"individual","/ˌɪndɪˈvɪdʒuəl/","个人的；个体","CET4","General","Each individual has unique strengths.","personal, separate, distinct, unique","adj/noun","拉丁语 individuus (不可分)"
"involve","/ɪnˈvɑːlv/","涉及；包含","CET4","General","The project involves multiple teams.","include, entail, engage, encompass","verb","拉丁语 involvere (卷入)"
"maintain","/meɪnˈteɪn/","维持；维护","CET4","General","We must maintain high standards.","sustain, preserve, keep, uphold","verb","拉丁语 manu tenere (手持)"
"potential","/pəˈtenʃl/","潜力；潜在的","CET4","General","She has great potential as a leader.","capability, promise, possibility, capacity","adj/noun","拉丁语 potentia (力量)"
"process","/ˈprɑːses/","过程；处理","CET4","General","The application process takes two weeks.","procedure, method, system, operation","noun/verb","拉丁语 processus (前进)"
"require","/rɪˈkwaɪər/","要求；需要","CET4","General","The job requires strong communication skills.","demand, need, necessitate, call for","verb","拉丁语 requirere (寻找)"
"technology","/tekˈnɑːlədʒi/","技术","CET4","Technology","Technology is advancing rapidly.","innovation, science, engineering, technique","noun","希腊语 techne (技艺) + logia (学科)"
"transfer","/trænsˈfɜːr/","转移；传输","CET4","General","Please transfer the files to the new system.","move, shift, transmit, convey","verb","拉丁语 transferre (运送)"
"update","/ʌpˈdeɪt/","更新","CET4","Technology","Please update your software regularly.","upgrade, refresh, renew, revise","verb/noun","up + date"
"valid","/ˈvælɪd/","有效的","CET4","General","The ticket is valid for one year.","legitimate, genuine, binding, lawful","adj","拉丁语 validus (强壮)"
"version","/ˈvɜːrʒn/","版本","CET4","General","The latest version includes new features.","edition, release, iteration, variant","noun","拉丁语 vertere (转)"
"access","/ˈækses/","访问；通道","CET4","General","Users can access the system remotely.","entry, admission, approach, connection","noun/verb","拉丁语 accedere (接近)"
"capacity","/kəˈpæsəti/","能力；容量","CET4","General","The storage capacity is 1 terabyte.","capability, volume, space, ability","noun","拉丁语 capacitas (容量)"
"collapse","/kəˈlæps/","崩溃；倒塌","CET6","General","The system might collapse under pressure.","fail, crash, fall, breakdown","verb","拉丁语 collabi (倒下)"
"allocate","/ˈæləkeɪt/","分配；拨出","CET6","IELTS","Funds were allocated for education.","assign, distribute, allot, designate","verb","拉丁语 allocare (分配)"
"component","/kəmˈpoʊnənt/","组成部分","CET4","IELTS","Each component is essential for the system.","part, element, piece, module","noun","拉丁语 componere (组成)"
"contribute","/kənˈtrɪbjuːt/","贡献；导致","CET4","IELTS","Many factors contribute to success.","donate, provide, add, participate","verb","拉丁语 contribuere (汇集)"
"diverse","/daɪˈvɜːrs/","多样的；不同的","CET4","IELTS","The team has diverse backgrounds.","varied, different, distinct, mixed","adj","拉丁语 diversus (不同的)"
"emerging","/ɪˈmɜːrdʒɪŋ/","新兴的；浮现的","CET6","IELTS","Emerging technologies create new opportunities.","developing, rising, nascent, growing","adj","拉丁语 emergere (出现)"
"emphasis","/ˈemfəsɪs/","强调；重点","CET4","IELTS","The emphasis is on practical skills.","stress, focus, highlight, priority","noun","希腊语 emphainein (显示)"
"ensure","/ɪnˈʃʊr/","确保","CET4","IELTS","Please ensure the report is complete.","guarantee, assure, secure, confirm","verb","古法语 enseurer (使安全)"
"establish","/ɪˈstæblɪʃ/","建立；确立","CET4","IELTS","The company was established in 2010.","found, set up, create, institute","verb","拉丁语 stabilire (使稳固)"
"evaluate","/ɪˈvæljueɪt/","评估；评价","CET4","IELTS","We need to evaluate the results.","assess, appraise, judge, review","verb","拉丁语 valere (有价值)"
"generation","/ˌdʒenəˈreɪʃən/","一代；产生","CET4","IELTS","The next generation will face new challenges.","cohort, age group, era, production","noun","拉丁语 generare (产生)"
"identify","/aɪˈdentɪfaɪ/","识别；确认","CET4","IELTS","Scientists identified a new species.","recognize, distinguish, pinpoint, detect","verb","拉丁语 identitas (身份)"
"implication","/ˌɪmplɪˈkeɪʃən/","含义；影响","CET6","IELTS","The implication of the finding is significant.","consequence, significance, meaning, ramification","noun","拉丁语 implicare (卷入)"
"interaction","/ˌɪntərˈækʃən/","互动；相互作用","CET4","IELTS","Social interaction is important for development.","communication, exchange, interplay, contact","noun","inter- + action"
"interpretation","/ɪnˌtɜːrprɪˈteɪʃən/","解释；理解","CET6","IELTS","The interpretation of data requires expertise.","explanation, understanding, reading, analysis","noun","拉丁语 interpretari (说明)"
"investigation","/ɪnˌvestɪˈɡeɪʃən/","调查","CET4","IELTS","The investigation revealed new evidence.","inquiry, examination, probe, research","noun","拉丁语 investigare (追踪)"
"mechanism","/ˈmekənɪzəm/","机制；原理","CET6","IELTS","The mechanism behind this process is complex.","system, process, machinery, apparatus","noun","希腊语 mekhane (机器)"
"occupation","/ˌɑːkjuˈpeɪʃən/","职业；占用","CET4","IELTS","Please state your occupation on the form.","profession, job, career, vocation","noun","拉丁语 occupatio (占有)"
"participant","/pɑːrˈtɪsɪpənt/","参与者","CET4","IELTS","All participants completed the survey.","member, attendee, contributor, entrant","noun","拉丁语 participare (参与)"
"previously","/ˈpriːviəsli/","以前；先前","CET4","IELTS","The data was previously unavailable.","formerly, earlier, before, once","adv","拉丁语 praevius (前面的)"
"priority","/praɪˈɔːrəti/","优先；重点","CET4","IELTS","Safety is our top priority.","precedence, importance, urgency, preference","noun","拉丁语 prior (更前的)"
"promote","/prəˈmoʊt/","促进；推广","CET4","IELTS","The campaign promotes healthy living.","encourage, advance, foster, advocate","verb","拉丁语 promovere (向前推)"
"recommendation","/ˌrekəmenˈdeɪʃən/","推荐；建议","CET4","IELTS","The committee made several recommendations.","suggestion, advice, proposal, endorsement","noun","拉丁语 re- + commendare"
"restriction","/rɪˈstrɪkʃən/","限制","CET4","IELTS","There are restrictions on data usage.","limitation, constraint, control, regulation","noun","拉丁语 restringere (束缚)"
"sophisticated","/səˈfɪstɪkeɪtɪd/","复杂的；精密的","CET6","IELTS","The system uses sophisticated technology.","advanced, complex, refined, intricate","adj","希腊语 sophistes (智者)"
"survey","/ˈsɜːrveɪ/","调查；测量","CET4","IELTS","A survey was conducted among employees.","study, poll, questionnaire, assessment","noun","拉丁语 supervidere (俯瞰)"
"trend","/trend/","趋势；潮流","CET4","IELTS","The trend shows increasing adoption of AI.","tendency, pattern, direction, movement","noun","古英语 trendan (转动)"
"variable","/ˈveriəbl/","变量；可变的","CET4","IELTS","Temperature is a key variable in the experiment.","factor, element, parameter, changeable","adj/noun","拉丁语 variare (变化)"
"acknowledge","/əkˈnɑːlɪdʒ/","承认；感谢","CET6","General","We acknowledge receipt of your application.","admit, recognize, accept, appreciate","verb","中古英语 aknowen (知道)"
"controversy","/ˈkɑːntrəvɜːrsi/","争议；争论","CET6","General","The decision sparked controversy.","dispute, debate, disagreement, contention","noun","拉丁语 controversus (对立的)"
"fundamental","/ˌfʌndəˈmentl/","基本的；根本的","CET4","General","Understanding grammar is fundamental.","basic, essential, primary, core","adj","拉丁语 fundamentum (基础)"
"interpret","/ɪnˈtɜːrprɪt/","解释；口译","CET4","General","How do you interpret this data?","explain, clarify, translate, decipher","verb","拉丁语 interpretari"
"phenomenal","/fɪˈnɑːmɪnl/","卓越的","TOEFL","General","The response was phenomenal.","remarkable, extraordinary, incredible","adj","希腊语 phainomenon"
"relevant","/ˈreləvənt/","相关的","CET4","General","Please provide relevant information.","pertinent, applicable, related, germane","adj","拉丁语 relevare (提起)"
"sufficient","/səˈfɪʃnt/","足够的","CET4","General","The evidence is sufficient to proceed.","enough, adequate, ample, plenty","adj","拉丁语 sufficere (足够)"
"ultimate","/ˈʌltɪmət/","最终的；最大的","CET4","General","The ultimate goal is world peace.","final, eventual, supreme, paramount","adj","拉丁语 ultimus (最后)"
"widespread","/ˈwaɪdspred/","广泛的","CET4","General","The practice is widespread in the industry.","common, prevalent, extensive, general","adj","wide + spread"
"nevertheless","/ˌnevərðəˈles/","然而；尽管如此","CET4","General","The task was difficult; nevertheless, we succeeded.","however, nonetheless, despite that, yet","adv","never + the + less"
